ad_id,brand,country,format,start_date,days_running,likely_winner,creative_group,variations,cta,headline,copy,video_transcript,hook,angle,offer,awareness,cta_strength,ugc,destination,ad_library_url
1755083185908815,10pourcent,ALL,video,2026-08-06,55,True,0,1,Install now,"L'appli qui te rembourse, sans rien changer à tes habitudes","17€ : c'est ce que gagnent les utilisateurs de l'appli 10% chaque mois en moyenne. Télécharge l'appli, envoie ton ticket et encaisse 🤑","Si tu fais tes courses sans utiliser cette application, tu laisses littéralement de l'argent sur la table. Je reviens juste du supermarché et au lieu de ranger mes courses directement. En 10 secondes pour apporter mon ticket numérique.",pain_point,pain,direct_offer,problem_aware,3,yes,http://play.google.com/store/apps/details?id=com.dixpourcent.app,https://www.facebook.com/ads/library/?id=1755083185908815
2950628761988298,10pourcent,ALL,video,2026-08-06,55,True,1,2,Install now,Gagne jusqu'à 61€/mois,"10% c'est la nouvelle application de cashback qui change vraiment ton quotidien !
Envoie tes tickets de caisse sur l'app, et fais-toi rembourser 10% sur plus de 1 300 produits éligibles 🤩","Vous savez que faire tes courses, ça pouvait te rapporter de l'argent. Sun, Gallia, Président, Activia, Bonduel. C'est un tout petit aperçu des marques qui sont sur l'application 10%. Télécharge l'application des marques.",question,desire,direct_offer,solution_aware,3,yes,http://itunes.apple.com/app/id6554003113,https://www.facebook.com/ads/library/?id=2950628761988298
1048457761266961,10pourcent,ALL,video,2026-08-06,55,True,2,1,Install now,Gagne jusqu'à 61€/mois,"10% c'est la nouvelle application de cashback qui change vraiment ton quotidien !
Envoie tes tickets de caisse sur l'app, et fais-toi rembourser 10% sur plus de 1 300 produits éligibles 🤩",Créer une boîte qui s'appelle 10% c'est une application de cashback qui permet de redonner du pouvoir d'achat au consommateur. Nous on veut vraiment être l'application de fidélité numéro 1 en Europe mais de fidélité c'est pas du coup.,bold_claim,authority,direct_offer,solution_aware,3,no,http://itunes.apple.com/app/id6554003113,https://www.facebook.com/ads/library/?id=1048457761266961
1041985764905720,10pourcent,ALL,video,2026-08-06,55,True,13,1,Install now,"L'appli qui te rembourse, sans rien changer à tes habitudes","17€ : c'est ce que gagnent les utilisateurs de l'appli 10% chaque mois en moyenne. Télécharge l'appli, envoie ton ticket et encaisse 🤑","Et si je te disais que ton ticket de drive n'était pas seulement une facture mais une occasion de récupérer des fonds, je m'explique. Bon quand t'es maman, le drive c'est déjà un vrai gain de temps et avec",question,desire,direct_offer,solution_aware,3,yes,http://play.google.com/store/apps/details?id=com.dixpourcent.app,https://www.facebook.com/ads/library/?id=1041985764905720
1097776529578253,10pourcent,ALL,video,2026-08-06,55,True,14,1,Install now,Gagne jusqu'à 65€/mois,"10% c'est la nouvelle application de cashback qui change vraiment ton quotidien !
Envoie tes tickets de caisse sur l'app, et fais-toi rembourser 10% sur plus de 1 500 produits éligibles 🤩","Si t'as pas la dix pour cent, arrête de scroller. Tu savais que faire tes courses, ça pouvait te rapporter de l'argent. C'est super simple. Tu télécharges dix pour cent, tu scannes ton ticket-case ou tu connectes ton compte enseigne. L'application détecte.",curiosity,curiosity,direct_offer,solution_aware,3,yes,http://itunes.apple.com/app/id6554003113,https://www.facebook.com/ads/library/?id=1097776529578253
1017893254456593,10pourcent,ALL,video,2026-08-09,52,True,7,1,Install now,Gagne jusqu'à 61€/mois,"10% c'est la nouvelle application de cashback qui change vraiment ton quotidien !
Envoie tes tickets de caisse sur l'app, et fais-toi rembourser 10% sur plus de 1 300 produits éligibles 🤩","Ma sauce soja, mon lit de coco, en vrai avant je m'en fissais un peu de la marque. Maintenant j'ai découvert 10%, c'est Suzy One obligatoirement, parce que je récupère 10% sur mes achats à chaque passage en caisse. Et c'est pareil les carap...",curiosity,desire,direct_offer,solution_aware,3,yes,http://itunes.apple.com/app/id6554003113,https://www.facebook.com/ads/library/?id=1017893254456593
1515266363702389,10pourcent,ALL,static,2026-08-13,48,True,22,1,Install now,10% remboursés sur Blédina & Gallia,"Le lait Gallia qui part en 4 jours, les petits pots Blédina rachetés par packs… Bonne nouvelle : grâce à l'app 10%, tu récupères 10% sur ces marques en envoyant simplement ton ticket de caisse 🩵",,pain_point,pain,direct_offer,problem_aware,3,no,http://play.google.com/store/apps/details?id=com.dixpourcent.app,https://www.facebook.com/ads/library/?id=1515266363702389
1747456316564705,10pourcent,ALL,video,2026-08-14,47,True,6,2,Install now,10% remboursés sur Gallia & Blédina,"Le lait Gallia qui part en 4 jours, les petits pots Blédina rachetés par packs… Bonne nouvelle : grâce à l'app 10%, tu récupères 10% sur ces marques en envoyant simplement ton ticket de caisse 🩵","Personne ne m'avait dit qu'on pourrait se faire rembourser une partie de rayons de bébé. Puis que j'utilise l'application de 10%, jusqu'à que je scanne tous mes tickets de caisse, je les envoie sur l'application, ça détecte automatiquement les produits du GIP et je récupère 10% de caisse bas...",curiosity,desire,direct_offer,solution_aware,3,yes,https://apps.apple.com/app/id6554003113,https://www.facebook.com/ads/library/?id=1747456316564705
3349861901981941,10pourcent,ALL,video,2026-08-14,47,True,6,2,Install now,10% remboursés sur Gallia & Blédina,"Le lait Gallia qui part en 4 jours, les petits pots Blédina rachetés par packs… Bonne nouvelle : grâce à l'app 10%, tu récupères 10% sur ces marques en envoyant simplement ton ticket de caisse 🩵","Personne ne m'avait dit qu'on pourrait se faire rembourser une partie de rayons de bébé. Puis que j'utilise l'application de 10%, jusqu'à que je scanne tous mes tickets de caisse, je les envoie sur l'application, ça détecte automatiquement les produits du GIP et je récupère 10% de caisse bas...",curiosity,desire,direct_offer,solution_aware,3,yes,https://play.google.com/store/apps/details?id=com.dixpourcent.app,https://www.facebook.com/ads/library/?id=3349861901981941
4416243648642416,10pourcent,ALL,video,2026-08-14,47,True,19,1,Install now,Blédina & Gallia : 10% dans ta poche,"Le lait Gallia qui part en 4 jours, les petits pots Blédina rachetés par packs… Bonne nouvelle : grâce à l'app 10%, tu récupères 10% sur ces marques en envoyant simplement ton ticket de caisse 🩵","Depuis que ma finale, les tickets de courson arrivent entre eux, les goûter, les p'tits coups, les couches, les infantiles, ça l'arrête. Depuis que j'utilise l'application 10%, jusqu'à tout mes tickets de caisse, je les emmache à l'application, ça...",pain_point,desire,direct_offer,solution_aware,3,yes,https://apps.apple.com/app/id6554003113,https://www.facebook.com/ads/library/?id=4416243648642416
1602561697918330,10pourcent,ALL,video,2026-08-18,43,True,10,1,Install now,Gagne jusqu'à 61€/mois,"10% c'est la nouvelle application de cashback qui change vraiment ton quotidien !
Envoie tes tickets de caisse sur l'app, et fais-toi rembourser 10% sur plus de 1 300 produits éligibles 🤩","Gallia, Président, Activia, Conduel, c'est un tout petit aperçu des marques qui sont sur l'application 10%. 10% va te rembourser 10% du montant des produits éligibles sur l'application.",curiosity,desire,direct_offer,solution_aware,3,yes,http://itunes.apple.com/app/id6554003113,https://www.facebook.com/ads/library/?id=1602561697918330
1383203916722218,10pourcent,ALL,video,2026-08-19,42,True,4,1,Install now,,"LE bon plan pour les parents qui veulent économiser !
- Collaboration Commerciale - @10pourcent_fr 

➡️ 10% : l’appli qui aide les familles à faire des économies sur les produits qu’elles achètent déjà.

🍼 Lait infantile, petits pots, lessives, produits d’hygiène, etc.

🇫🇷 Une appli 100% Gratuite, Made in France, sécurisée, et aucune information bancaire n’est enregistrée !
_______________________________
#bonplanmaman #economies #bébé #cashback #astuceparents",,bold_claim,desire,direct_offer,solution_aware,3,unknown,http://itunes.apple.com/app/id6554003113,https://www.facebook.com/ads/library/?id=1383203916722218
1767327881118213,10pourcent,ALL,video,2026-08-21,40,True,15,2,Install now,"L'appli qui te rembourse, sans rien changer à tes habitudes","17€ : c'est ce que gagnent les utilisateurs de l'appli 10% chaque mois en moyenne. Télécharge l'appli, envoie ton ticket et encaisse 🤑","Attends mais on peut se faire rembourser les épices maintenant ? Trop bien ! Je me lance tout de suite dans la préparation de frites maison Avec les épices Fouks spécialères frayeurs Et pour encore plus de saveurs, j'ai utilisé le spray basilique et le spray de super pratique",curiosity,desire,direct_offer,solution_aware,3,yes,http://itunes.apple.com/app/id6554003113,https://www.facebook.com/ads/library/?id=1767327881118213
2474217836392533,10pourcent,ALL,video,2026-08-21,40,True,15,2,Install now,"L'appli qui te rembourse, sans rien changer à tes habitudes","17€ : c'est ce que gagnent les utilisateurs de l'appli 10% chaque mois en moyenne. Télécharge l'appli, envoie ton ticket et encaisse 🤑","Attends mais on peut se faire rembourser les épices maintenant ? Trop bien ! Je me lance tout de suite dans la préparation de frites maison Avec les épices Fouks spécialères frayeurs Et pour encore plus de saveurs, j'ai utilisé le spray basilique et le spray de super pratique",curiosity,desire,direct_offer,solution_aware,3,yes,http://play.google.com/store/apps/details?id=com.dixpourcent.app,https://www.facebook.com/ads/library/?id=2474217836392533
1042293275318418,10pourcent,ALL,video,2026-08-21,40,True,20,1,Install now,,"Et si vos courses vous rapportaient de l’argent ? 👀💸

Avec l’app 10% @10pourcent_fr vous pouvez profiter de remboursements sur plein de marques du quotidien : Fuchs, CIF, Fleury Michon, Danette… 🛒✨

Le principe est simple :
🛍️ Vous faites vos courses
🧾 Vous envoyez votre ticket de caisse directement après
💸 Et vous récupérez 10% sur les produits éligibles

Franchement, si je peux récupérer de l’argent sur des produits que j’achète déjà… je prends 😂

#10pourcent #app10% #fuchs #recette #bonplan @epices_fuchs
***publicité***","J'adorerais déjà les frites, me leur avais ces épices-là. Je me lance tout de suite dans la préparation de frites maison. Avec les épices Fouks spécialaires frayeurs. Et pour encore plus de saveurs, j'ai utilisé le spray basilique et le spray de super pratique.",question,desire,direct_offer,solution_aware,3,yes,http://itunes.apple.com/app/id6554003113,https://www.facebook.com/ads/library/?id=1042293275318418
1776598300129866,10pourcent,ALL,video,2026-08-21,40,True,20,1,Install now,,"Et si vos courses vous rapportaient de l’argent ? 👀💸

Avec l’app 10% @10pourcent_fr vous pouvez profiter de remboursements sur plein de marques du quotidien : Fuchs, CIF, Fleury Michon, Danette… 🛒✨

Le principe est simple :
🛍️ Vous faites vos courses
🧾 Vous envoyez votre ticket de caisse directement après
💸 Et vous récupérez 10% sur les produits éligibles

Franchement, si je peux récupérer de l’argent sur des produits que j’achète déjà… je prends 😂

#10pourcent #app10% #fuchs #recette #bonplan @epices_fuchs
***publicité***","J'adorerais déjà les frites, me leur avais ces épices-là. Je me lance tout de suite dans la préparation de frites maison. Avec les épices Fouks spécialaires frayeurs. Et pour encore plus de saveurs, j'ai utilisé le spray basilique et le spray de super pratique.",question,desire,direct_offer,solution_aware,3,yes,http://play.google.com/store/apps/details?id=com.dixpourcent.app,https://www.facebook.com/ads/library/?id=1776598300129866
1606336420898738,10pourcent,ALL,video,2026-08-31,30,True,17,1,Install now,"L'appli qui te rembourse, sans rien changer à tes habitudes","17€ : c'est ce que gagnent les utilisateurs de l'appli 10% chaque mois en moyenne. Télécharge l'appli, envoie ton ticket et encaisse 🤑","Regarde tous ces produits, toutes ces marques. Je les ai déjà achetés. Si oui, n'hésite pas à télécharger l'application 10%. C'est totalement gratuit et ça va te faire gagner plein d'argent.",question,desire,direct_offer,solution_aware,3,yes,http://play.google.com/store/apps/details?id=com.dixpourcent.app,https://www.facebook.com/ads/library/?id=1606336420898738
1763801384747472,10pourcent,ALL,video,2026-09-13,17,False,1,2,Install now,Gagne jusqu'à 61€/mois,"10% c'est la nouvelle application de cashback qui change vraiment ton quotidien !
Envoie tes tickets de caisse sur l'app, et fais-toi rembourser 10% sur plus de 1 300 produits éligibles 🤩","Vous savez que faire tes courses, ça pouvait te rapporter de l'argent. Sun, Gallia, Président, Activia, Bonduel. C'est un tout petit aperçu des marques qui sont sur l'application 10%. Télécharge l'application des marques.",question,desire,direct_offer,solution_aware,3,yes,http://itunes.apple.com/app/id6554003113,https://www.facebook.com/ads/library/?id=1763801384747472
1083980617378378,10pourcent,ALL,video,2026-09-14,16,False,18,1,Install now,Gagne jusqu'à 61€/mois,"10% c'est la nouvelle application de cashback qui change vraiment ton quotidien !
Envoie tes tickets de caisse sur l'app, et fais-toi rembourser 10% sur plus de 1 300 produits éligibles 🤩",C'est 5€ ? Mais c'est ridicule ! Tu sais qu'avec 10% tu peux gagner de l'argent sans tes courses tous les mois ? Plus de 60€ chaque mois ! Alors t'es les charge 10% !,curiosity,desire,direct_offer,solution_aware,3,yes,http://itunes.apple.com/app/id6554003113,https://www.facebook.com/ads/library/?id=1083980617378378
1381609894180131,10pourcent,ALL,video,2026-09-14,16,False,23,1,Install now,L'app qui te rembourse tes courses,"Je rentre de mes courses, j'envoie mon ticket sur l'app 10%… et mes produits Le Petit Basque me rapportent du vrai cash. Pas des points, des euros à retirer dès 9€. L'app est gratuite 👇","Mais comment ça tu te fais pas rembourser sur tes yaourtes ? Je rentre de mes courses et j'ai pris ça, parce que soyons net, le petit Basque c'est la meilleure chose qu'on trouve au rayon frais. Et ce que tu sais pas c'est si t'envoies ton ticket.",question,desire,direct_offer,solution_aware,3,yes,http://play.google.com/store/apps/details?id=com.dixpourcent.app,https://www.facebook.com/ads/library/?id=1381609894180131
1789689869023780,10pourcent,ALL,video,2026-09-14,16,False,24,1,Install now,L'app qui te rembourse tes courses,"Je rentre de mes courses, j'envoie mon ticket sur l'app 10%… et mes produits Le Petit Basque me rapportent du vrai cash. Pas des points, des euros à retirer dès 9€. L'app est gratuite 👇","Stop ! T'as pas l'app 10% ? Regarde cette vidéo ! Le petit Bask est sur 10% ! Si t'as encore jamais goûté, c'est les meilleurs produits au lait de brevet ! En ce moment, en participant au challenge Le Petit Bask...",curiosity,desire,direct_offer,solution_aware,3,yes,http://play.google.com/store/apps/details?id=com.dixpourcent.app,https://www.facebook.com/ads/library/?id=1789689869023780
2393266911203100,10pourcent,ALL,video,2026-09-14,16,False,25,1,Install now,L'app qui te rembourse tes courses,"Je rentre de mes courses, j'envoie mon ticket sur l'app 10%… et mes produits Le Petit Basque me rapportent du vrai cash. Pas des points, des euros à retirer dès 9€. L'app est gratuite 👇","Si t'as pas l'abri pour 100, arrête de scroller. Le petit BESK est sur 10%. Si t'as encore jamais goûté, c'est les meilleurs produits au lait de brebis. En ce moment, en participant au challenge le petit BESK...",curiosity,curiosity,direct_offer,solution_aware,3,yes,http://play.google.com/store/apps/details?id=com.dixpourcent.app,https://www.facebook.com/ads/library/?id=2393266911203100
1674124598054463,10pourcent,ALL,static,2026-09-15,15,False,3,1,Install now,On te rembourse tes courses Leclerc,"Tu fais tes courses chez Leclerc ? Tes tickets valent de l'argent.
17€ par mois en moyenne, c'est ce que récupèrent les utilisateurs de 10% sans rien changer à leurs habitudes. Tu fais tes courses, tu envoies ton ticket et on te rembourse 10% sur les plus de 1 600 produits éligibles 😍
Et si tu connectes ton compte Leclerc, tes tickets remontent tout seuls : tu n'as même plus à les scanner.
Pas des points : des euros, à retirer dès 9€ 🤑",,question,desire,direct_offer,solution_aware,3,no,http://play.google.com/store/apps/details?id=com.dixpourcent.app,https://www.facebook.com/ads/library/?id=1674124598054463
1824921035174903,10pourcent,ALL,static,2026-09-15,15,False,5,1,Install now,17€/mois juste avec tes tickets Intermarché,"Tu fais tes courses chez Intermarché ? Tu peux récupérer 10% dessus.
Pas des points, pas une carte de fidélité de plus : des euros, que tu retires dès 9€. Tu envoies ton ticket de caisse, l'app reconnaît les produits éligibles et te rembourse 10%, c'est tout.
Et si tu connectes ton compte Intermarché, tes tickets remontent tout seuls.
L'app est gratuite 👇",,question,desire,direct_offer,solution_aware,3,no,http://itunes.apple.com/app/id6554003113,https://www.facebook.com/ads/library/?id=1824921035174903
1636457604852488,10pourcent,ALL,static,2026-09-15,15,False,8,1,Install now,On te rembourse tes courses Intermarché,"Tu fais tes courses chez Intermarché ? Tes tickets valent de l'argent.
17€ par mois en moyenne, c'est ce que récupèrent les utilisateurs de 10% sans rien changer à leurs habitudes. Tu fais tes courses, tu envoies ton ticket et on te rembourse 10% sur les plus de 1 600 produits éligibles 😍
Et si tu connectes ton compte Intermarché, tes tickets remontent tout seuls : tu n'as même plus à les scanner.
Pas des points : des euros, à retirer dès 9€ 🤑",,question,desire,direct_offer,solution_aware,3,no,http://play.google.com/store/apps/details?id=com.dixpourcent.app,https://www.facebook.com/ads/library/?id=1636457604852488
4386929734890769,10pourcent,ALL,static,2026-09-15,15,False,11,1,Install now,17€/mois juste avec tes tickets Carrefour,"Tu fais tes courses chez Carrefour ? Tu peux récupérer 10% dessus.
Pas des points, pas une carte de fidélité de plus : des euros, que tu retires dès 9€. Tu envoies ton ticket de caisse, l'app reconnaît les produits éligibles et te rembourse 10%, c'est tout.
Et si tu connectes ton compte Carrefour, tes tickets remontent tout seuls.
L'app est gratuite 👇",,question,desire,direct_offer,solution_aware,3,no,http://itunes.apple.com/app/id6554003113,https://www.facebook.com/ads/library/?id=4386929734890769
3485529698283471,10pourcent,ALL,static,2026-09-15,15,False,12,1,Install now,17€/mois juste avec tes tickets Leclerc,"Tu fais tes courses chez Leclerc ? Tu peux récupérer 10% dessus.
Pas des points, pas une carte de fidélité de plus : des euros, que tu retires dès 9€. Tu envoies ton ticket de caisse, l'app reconnaît les produits éligibles et te rembourse 10%, c'est tout.
Et si tu connectes ton compte Leclerc, tes tickets remontent tout seuls.
L'app est gratuite 👇",,question,desire,direct_offer,solution_aware,3,no,http://itunes.apple.com/app/id6554003113,https://www.facebook.com/ads/library/?id=3485529698283471
1971125583576903,10pourcent,ALL,static,2026-09-15,15,False,16,1,Install now,On te rembourse tes courses Carrefour,"Tu fais tes courses chez Carrefour ? Tes tickets valent de l'argent.
17€ par mois en moyenne, c'est ce que récupèrent les utilisateurs de 10% sans rien changer à leurs habitudes. Tu fais tes courses, tu envoies ton ticket et on te rembourse 10% sur les plus de 1 600 produits éligibles 😍
Et si tu connectes ton compte Carrefour, tes tickets remontent tout seuls : tu n'as même plus à les scanner.
Pas des points : des euros, à retirer dès 9€ 🤑",,question,desire,direct_offer,solution_aware,3,no,http://play.google.com/store/apps/details?id=com.dixpourcent.app,https://www.facebook.com/ads/library/?id=1971125583576903
937726128917422,10pourcent,ALL,static,2026-09-17,13,False,12,1,Install now,17€/mois juste avec tes tickets Leclerc,"Tu fais tes courses chez Leclerc ? Tu peux récupérer 10% dessus.
Pas des points, pas une carte de fidélité de plus : des euros, que tu retires dès 9€. Tu envoies ton ticket de caisse, l'app reconnaît les produits éligibles et te rembourse 10%, c'est tout.
Et si tu connectes ton compte Leclerc, tes tickets remontent tout seuls.
L'app est gratuite 👇",,question,desire,direct_offer,solution_aware,3,no,http://itunes.apple.com/app/id6554003113,https://www.facebook.com/ads/library/?id=937726128917422
1849173209790063,10pourcent,ALL,video,2026-09-20,10,False,21,1,Install now,On te rembourse tes courses Leclerc,"Tu fais tes courses chez Leclerc ? Tes tickets valent de l'argent.
17€ par mois en moyenne, c'est ce que récupèrent les utilisateurs de 10% sans rien changer à leurs habitudes. Tu fais tes courses, tu envoies ton ticket et on te rembourse 10% sur les plus de 1 600 produits éligibles 😍
Et si tu connectes ton compte Leclerc, tes tickets remontent tout seuls : tu n'as même plus à les scanner.
Pas des points : des euros, à retirer dès 9€ 🤑",,question,desire,direct_offer,solution_aware,3,unknown,http://play.google.com/store/apps/details?id=com.dixpourcent.app,https://www.facebook.com/ads/library/?id=1849173209790063
1396129788764893,10pourcent,ALL,static,2026-09-21,9,False,11,1,Install now,17€/mois juste avec tes tickets Carrefour,"Tu fais tes courses chez Carrefour ? Tu peux récupérer 10% dessus.
Pas des points, pas une carte de fidélité de plus : des euros, que tu retires dès 9€. Tu envoies ton ticket de caisse, l'app reconnaît les produits éligibles et te rembourse 10%, c'est tout.
Et si tu connectes ton compte Carrefour, tes tickets remontent tout seuls.
L'app est gratuite 👇",,question,desire,direct_offer,solution_aware,3,no,http://itunes.apple.com/app/id6554003113,https://www.facebook.com/ads/library/?id=1396129788764893
1707846323608831,10pourcent,ALL,static,2026-09-29,1,False,8,1,Install now,On te rembourse tes courses Intermarché,"Tu fais tes courses chez Intermarché ? Tes tickets valent de l'argent.
17€ par mois en moyenne, c'est ce que récupèrent les utilisateurs de 10% sans rien changer à leurs habitudes. Tu fais tes courses, tu envoies ton ticket et on te rembourse 10% sur les plus de 1 600 produits éligibles 😍
Et si tu connectes ton compte Intermarché, tes tickets remontent tout seuls : tu n'as même plus à les scanner.
Pas des points : des euros, à retirer dès 9€ 🤑",,question,desire,direct_offer,solution_aware,3,no,http://play.google.com/store/apps/details?id=com.dixpourcent.app,https://www.facebook.com/ads/library/?id=1707846323608831
1136897252240140,10pourcent,ALL,video,2026-09-29,1,False,9,1,Install now,Gagne jusqu'à 61€/mois,"10% c'est la nouvelle application de cashback qui change vraiment ton quotidien !
Envoie tes tickets de caisse sur l'app, et fais-toi rembourser 10% sur plus de 1 300 produits éligibles 🤩","Avant, je choisis mes lessives en fonction des promos, mais maintenant je prends toujours skip. J'ai skip sur 10% et je sais qu'à chaque achat, je vais canyoter 10% du montant, du produit sur ma canyote.",bold_claim,comparison,direct_offer,solution_aware,3,yes,http://itunes.apple.com/app/id6554003113,https://www.facebook.com/ads/library/?id=1136897252240140
