ad_id,brand,country,format,start_date,days_running,likely_winner,variations,cta,headline,copy,video_transcript,destination,ad_library_url,jev_hook,claude_hook,hook_agree,jev_angle,claude_angle,angle_agree,jev_offer,claude_offer,offer_agree,jev_awareness,jev_awareness_score,claude_awareness,awareness_agree,jev_cta_strength,claude_cta_strength
1567888108445216,Joko,FR,carousel,2026-08-23,37,True,1,See details,Cherchez moins. Trouvez mieux. ✨,"Payer le bon prix à chaque achat, sans y penser. Joko trouve les meilleures offres et vous fait gagner du cashback, automatiquement. 💚",,https://home.joko.com/fr,https://www.facebook.com/ads/library/?id=1567888108445216,pain_point,bold_claim,False,desire,desire,True,direct_offer,direct_offer,True,solution_aware,1.65,solution_aware,True,1.95,1
1973804183264888,Joko,FR,video,2026-06-15,106,True,1,Install now,Récupère ton argent,T’as pas Joko ? Alors t’as sûrement déjà perdu 200€. ❌ 💚,"T'as envie de te faire plaisir, mais les courses coûtent trop cher. Attends, tu peux récupérer de larges sur tes courses S Grasse à Jocot.",http://itunes.apple.com/app/id1378996692,https://www.facebook.com/ads/library/?id=1973804183264888,pain_point,pain_point,True,pain,ugc,False,direct_offer,direct_offer,True,solution_aware,1.56,problem_aware,False,3.23,3
971440742623016,Joko,FR,carousel,2026-08-26,34,True,1,Install now,Récupère ton argent,T’as pas Joko ? Alors t’as sûrement déjà perdu 200€. ❌ 💚,,http://itunes.apple.com/app/id1378996692,https://www.facebook.com/ads/library/?id=971440742623016,pain_point,pain_point,True,pain,pain,True,direct_offer,direct_offer,True,problem_aware,1.44,problem_aware,True,3.03,3
2375270286316263,Joko,FR,video,2026-06-15,106,True,1,Install now,Récupère ton argent,T’as pas Joko ? Alors t’as sûrement déjà perdu 200€. ❌ 💚,"Si tu fais tes cours chez Leclerc, je te montre comment gagner un max d'argent. Et ça, bah, à chaque passage en quête. Ça, j'ai tout simplement téléchargé l'application Joko, du coup qui te permet...",http://itunes.apple.com/app/id1378996692,https://www.facebook.com/ads/library/?id=2375270286316263,pain_point,how_to,False,pain,ugc,False,direct_offer,direct_offer,True,problem_aware,1.48,solution_aware,False,3.17,3
1639507654374803,Joko,FR,video,2026-08-11,49,True,1,Install now,Récupère du cashback avec Joko 💸,T’as pas Joko ? Alors t’as sûrement déjà perdu 200€. ❌ 💚,,http://itunes.apple.com/app/id1378996692,https://www.facebook.com/ads/library/?id=1639507654374803,pain_point,pain_point,True,pain,pain,True,direct_offer,direct_offer,True,problem_aware,1.36,problem_aware,True,3.1,3
939139658519614,Joko,FR,carousel,2026-08-23,37,True,1,See details,Cherchez moins. Trouvez mieux. ✨,"Payer le bon prix à chaque achat, sans y penser. Joko trouve les meilleures offres et vous fait gagner du cashback, automatiquement. 💚",,https://home.joko.com/fr,https://www.facebook.com/ads/library/?id=939139658519614,pain_point,bold_claim,False,offer,desire,False,direct_offer,direct_offer,True,solution_aware,1.59,solution_aware,True,1.96,1
2189850691780492,Joko,FR,video,2026-06-15,106,True,2,Install now,Récupère ton argent,T’as pas Joko ? Alors t’as sûrement déjà perdu 200€. ❌ 💚,,http://itunes.apple.com/app/id1378996692,https://www.facebook.com/ads/library/?id=2189850691780492,pain_point,pain_point,True,pain,pain,True,direct_offer,direct_offer,True,problem_aware,1.36,problem_aware,True,3.08,3
1673102233758135,Joko,FR,carousel,2026-08-23,37,True,1,See details,Cherchez moins. Trouvez mieux. ✨,"Payer le bon prix à chaque achat, sans y penser. Joko trouve les meilleures offres et vous fait gagner du cashback, automatiquement. 💚",,https://home.joko.com/fr,https://www.facebook.com/ads/library/?id=1673102233758135,pain_point,bold_claim,False,offer,desire,False,direct_offer,direct_offer,True,solution_aware,1.65,solution_aware,True,1.92,1
1988951618443915,Joko,FR,carousel,2026-08-28,32,True,1,Learn more,Cherchez moins. Trouvez mieux. ✨,"Payer le bon prix à chaque achat, sans y penser. Joko trouve les meilleures offres et vous fait gagner du cashback, automatiquement. 💚",,https://home.joko.com/fr,https://www.facebook.com/ads/library/?id=1988951618443915,pain_point,bold_claim,False,desire,desire,True,direct_offer,direct_offer,True,solution_aware,1.57,solution_aware,True,1.9,1
1037848121908885,Joko,FR,video,2026-06-15,106,True,1,Install now,Récupère ton argent,T’as pas Joko ? Alors t’as sûrement déjà perdu 200€. ❌ 💚,"Toi aussi tu peux décorcher un père marché, voilà, tu m'adres de superbe l'argent à chaque passage en caisse. Grâce à Joe Codre et superbe l'argent à chaque passage en caisse, ce qui est bien c'est que c'est valable dans des milliers d'anciens...",http://itunes.apple.com/app/id1378996692,https://www.facebook.com/ads/library/?id=1037848121908885,pain_point,how_to,False,pain,ugc,False,direct_offer,direct_offer,True,problem_aware,1.28,solution_aware,False,3.13,3
1331647058952711,Joko,FR,video,2026-08-11,49,True,1,Install now,Récupère du cashback avec Joko 💸,T’as pas Joko ? Alors t’as sûrement déjà perdu 200€. ❌ 💚,"Si c'est pas indiscrète, il te reste combien d'argent à la fin du mois ? Il doit me rester environ 350 euros. Et comment tu fais tes risques ? En ce moment, j'utilise l'application qui s'appelle Joko. Il propose des bonds d'achat et donc ça va être...",http://itunes.apple.com/app/id1378996692,https://www.facebook.com/ads/library/?id=1331647058952711,pain_point,curiosity,False,pain,ugc,False,direct_offer,direct_offer,True,problem_aware,1.32,problem_aware,True,2.98,3
1103368042133467,Joko,FR,static,2026-09-08,21,False,3,Install now,Votre shopping récompensé : chaque dépense vous rapporte!,Votre shopping récompensé : chaque dépense vous rapporte!,,http://itunes.apple.com/app/id1378996692,https://www.facebook.com/ads/library/?id=1103368042133467,bold_claim,bold_claim,True,offer,desire,False,direct_offer,direct_offer,True,solution_aware,1.69,solution_aware,True,2.32,2
1030877842704051,Joko,FR,video,2026-06-15,106,True,3,Install now,Récupère ton argent,T’as pas Joko ? Alors t’as sûrement déjà perdu 200€. ❌ 💚,"Je pensais que mes courses allaient tout pomper. Attends, j'ai au coma rendu du cashback.",http://itunes.apple.com/app/id1378996692,https://www.facebook.com/ads/library/?id=1030877842704051,pain_point,pain_point,True,pain,ugc,False,direct_offer,direct_offer,True,problem_aware,1.25,problem_aware,True,3.25,3
1503388861380868,Joko,FR,video,2026-05-06,146,True,2,Install now,Récupère ton argent,🤷‍♀️ Pourquoi payer plus quand tu peux payer moins sans effort ?,"Les gens qui disent que je n'ai pas d'argent, vous avez téléchargé de Jocot déjà ? Ok, ça ne va pas vous faire un SMIC, mais c'est une appli gratuite qui permet de gagner de l'argent sur tes courses. Genre 4% sur tes courses Carrefour comme ça direct.",http://play.google.com/store/apps/details?id=io.wylr.joko,https://www.facebook.com/ads/library/?id=1503388861380868,pain_point,curiosity,False,ugc,ugc,True,direct_offer,direct_offer,True,solution_aware,1.67,solution_aware,True,2.59,3
1065644459149672,Joko,FR,video,2026-07-28,63,True,1,Install now,Récupère du cashback avec Joko 💸,T’as pas Joko ? Alors t’as sûrement déjà perdu 200€. ❌ 💚,,http://itunes.apple.com/app/id1378996692,https://www.facebook.com/ads/library/?id=1065644459149672,pain_point,pain_point,True,pain,pain,True,direct_offer,direct_offer,True,problem_aware,1.33,problem_aware,True,3.07,3
2545993489176243,Joko,FR,video,2026-08-11,49,True,1,Install now,Récupère du cashback avec Joko 💸,T’as pas Joko ? Alors t’as sûrement déjà perdu 200€. ❌ 💚,n'achetez rien sur Amazon avant de voir ça.,http://itunes.apple.com/app/id1378996692,https://www.facebook.com/ads/library/?id=2545993489176243,pain_point,curiosity,False,pain,curiosity,False,direct_offer,direct_offer,True,problem_aware,0.99,problem_aware,True,3.25,3
2204091453876819,Joko,FR,video,2026-09-17,12,False,1,Learn more,Cherchez moins. Trouvez mieux. ✨,"Payer le bon prix à chaque achat, sans y penser. Joko trouve les meilleures offres et vous fait gagner du cashback, automatiquement. 💚",,https://home.joko.com/fr,https://www.facebook.com/ads/library/?id=2204091453876819,pain_point,bold_claim,False,desire,desire,True,direct_offer,direct_offer,True,solution_aware,1.58,solution_aware,True,1.92,1
1588176686110822,Joko,FR,static,2026-08-24,36,True,3,Install now,💰 Gagnez du cashback avec Joko,"💸 Et si vos achats vous rapportaient du cashback ? Avec Joko, profitez de cashback et de codes promo sur vos achats en ligne et en magasin. 🛍️",,http://itunes.apple.com/app/id1378996692,https://www.facebook.com/ads/library/?id=1588176686110822,curiosity,curiosity,True,offer,desire,False,direct_offer,direct_offer,True,solution_aware,1.72,problem_aware,False,2.62,3
1429471415592865,Joko,FR,video,2026-04-03,179,True,1,Install now,Gagnez de l'argent 👉,T’as pas Joko ? Alors t’as sûrement déjà perdu 200€. ❌ 💚,"Je ne réalisais pas que je payais mes courses beaucoup trop chères avant de découvrir Joko. Avec Joko, économies jusqu'à 6% de cashback sur tes courses chez Carrefour. C'est hyper simple.",http://play.google.com/store/apps/details?id=io.wylr.joko,https://www.facebook.com/ads/library/?id=1429471415592865,pain_point,pain_point,True,pain,ugc,False,direct_offer,direct_offer,True,problem_aware,1.25,problem_aware,True,2.68,3
1727406524978182,Joko,FR,video,2026-08-27,33,True,1,Install now,Récupère ton argent,🤷‍♀️ Pourquoi payer plus quand tu peux payer moins sans effort ?,,http://play.google.com/store/apps/details?id=io.wylr.joko,https://www.facebook.com/ads/library/?id=1727406524978182,pain_point,curiosity,False,offer,desire,False,direct_offer,none,False,solution_aware,1.84,problem_aware,False,2.65,2
1817169746133656,Joko,FR,video,2026-09-21,8,False,3,Install now,Récupère du cashback avec Joko 💸,Votre shopping récompensé : chaque dépense vous rapporte !,,http://itunes.apple.com/app/id1378996692,https://www.facebook.com/ads/library/?id=1817169746133656,offer,bold_claim,False,offer,desire,False,direct_offer,direct_offer,True,solution_aware,1.99,solution_aware,True,2.55,2
1622585549578947,Joko,FR,video,2026-07-28,63,True,1,Install now,Récupère ton argent,T’as pas Joko ? Alors t’as sûrement déjà perdu 200€. ❌ 💚,,http://itunes.apple.com/app/id1378996692,https://www.facebook.com/ads/library/?id=1622585549578947,pain_point,pain_point,True,pain,pain,True,direct_offer,direct_offer,True,problem_aware,1.49,problem_aware,True,3.16,3
1796674961505964,Joko,FR,video,2026-07-28,63,True,2,Install now,Récupère du cashback avec Joko 💸,T’as pas Joko ? Alors t’as sûrement déjà perdu 200€. ❌ 💚,"Toi aussi t'as envie de te faire plaisir, mais tout coûte vraiment trop cher. Eh ben tu ne le sais peut-être pas, mais tu peux te faire rembourser une partie de tes achats quand tu utilises la petite jocôte.",http://itunes.apple.com/app/id1378996692,https://www.facebook.com/ads/library/?id=1796674961505964,pain_point,pain_point,True,pain,ugc,False,direct_offer,direct_offer,True,problem_aware,1.28,problem_aware,True,3.01,3
